indice;titulo;ano;duracao_min;classificacao;genero;sinopse
1;Um Sonho de Liberdade;1994;142;16;Drama;"Narra as experiências de um ex-banqueiro bem-sucedido como prisioneiro na sombria prisão de Shawshank após ser considerado culpado de um crime que não cometeu. O filme retrata a maneira única do homem de lidar com sua vida nova e torturante; ao longo do caminho, ele faz amizade com vários companheiros de prisão, principalmente um sábio preso de longa data chamado Red."
2;O Poderoso Chefão;1972;175;14;Policial, Drama;O padrinho “Don” Vito Corleone é o chefe da família mafiosa Corleone em Nova York. Ele está no evento do casamento de sua filha. Michael, filho mais novo de Vito e condecorado fuzileiro naval da Segunda Guerra Mundial, também está presente no casamento. Michael parece não estar interessado em fazer parte dos negócios da família. Vito é um homem poderoso e é gentil com todos aqueles que o respeitam, mas é implacável com aqueles que não o respeitam. Mas quando um rival poderoso e traiçoeiro quer vender drogas e precisa da influência de Don para o mesmo, Vito se recusa a fazê-lo. O que se segue é um conflito entre os antigos valores de Vito e as novas formas que podem fazer com que Michael faça o que ele estava mais relutante em fazer e travar uma guerra de máfia contra todas as outras famílias mafiosas, o que poderia separar a família Corleone.
3;Batman: O Cavaleiro das Trevas;2008;152;12;Policial, Suspense;Situado um ano após os eventos de Batman Begins (2005), Batman, o tenente James Gordon e o novo promotor público Harvey Dent começam a prender com sucesso os criminosos que assolam Gotham City, até que um misterioso e sádico gênio do crime conhecido apenas como “O Coringa” aparece em Gotham, criando uma nova onda de caos. A luta de Batman contra o Coringa se torna profundamente pessoal, forçando-o a “confrontar tudo em que acredita” e melhorar sua tecnologia para detê-lo. Um triângulo amoroso se desenvolve entre Bruce Wayne, Dent e Rachel Dawes.
4;O Poderoso Chefão: Parte II;1974;202;14;Policial, Drama;"A saga contínua da família criminosa Corleone conta a história de um jovem Vito Corleone crescendo na Sicília e na década de 1910 em Nova York; e acompanha Michael Corleone na década de 1950, enquanto ele tenta expandir os negócios da família em Las Vegas, Hollywood e Cuba."
5;O Senhor dos Anéis: O Retorno do Rei;2003;201;12;Aventura, Drama, Fantasia;“Um anel para governar todos eles. Um anel para encontrá-los. Um anel para trazer todos eles e, na escuridão, prendê-los.” Na conclusão da obra-prima épica de J.R.R. Tolkien, O Senhor dos Anéis, enquanto exércitos se reúnem para uma batalha final que decidirá o destino do mundo — e poderosas e antigas forças da Luz e das Trevas competem para determinar o resultado — um membro da Sociedade do Anel é revelado como o nobre herdeiro do trono dos Reis dos Homens. No entanto, a única esperança de triunfo sobre o mal está em um bravo hobbit, Frodo, que, acompanhado apenas por seu leal amigo Sam e pelo hediondo e miserável Gollum, se aventura nas profundezas do coração sombrio de Mordor em sua missão aparentemente impossível de destruir o Anel do Poder.
6;12 Homens e uma Sentença;1957;96;Livre;Policial, Drama;A defesa e a promotoria descansaram, e o júri está entrando na sala do júri para decidir se um jovem é culpado ou inocente do assassinato de seu pai. O que começa como um caso aberto e encerrado de assassinato logo se torna uma história de detetive que apresenta uma sucessão de pistas criando dúvidas e um mini-drama de cada um dos preconceitos e preconceitos dos jurados sobre o julgamento, o acusado e uns aos outros. Com base na peça, toda a ação acontece no palco da sala do júri.
7;A Lista de Schindler;1993;196;14;Biografia, Drama, História;Oskar Schindler é um empresário alemão vaidoso e ganancioso que se torna um improvável humanitário em meio ao bárbaro reinado nazista alemão quando se sente compelido a transformar sua fábrica em um refúgio para judeus. Baseado na história verídica de Oskar Schindler, que conseguiu salvar cerca de 1100 judeus de serem gaseados no campo de concentração de Auschwitz, é uma prova do que há de bom em todos nós.
8;O Senhor dos Anéis: A Sociedade do Anel;2001;178;12;Aventura, Drama, Fantasia;Na primeira parte da obra-prima épica de J.R.R. Tolkien, O Senhor dos Anéis, um jovem hobbit tímido chamado Frodo Baggins herda um simples anel de ouro. Ele sabe que o anel tem poder, mas não que só ele tenha o segredo da sobrevivência — ou escravização — do mundo inteiro. Agora Frodo, acompanhado por um mago, um elfo, um anão, dois homens e três amigos leais hobbit, deve se tornar o maior herói que o mundo já conheceu para salvar a terra e as pessoas que ele ama.
9;Pulp Fiction: Tempo de Violência;1994;154;18;Policial, Drama;Júlio Winnfield (Samuel L. Jackson) e Vincent Vega (John Travolta) são dois assassinos que querem recuperar uma mala roubada de seu empregador, o chefe da máfia Marsellus Wallace (Ving Rhames). Wallace também pediu a Vincent que levasse sua esposa Mia (Uma Thurman) sairá alguns dias depois, quando o próprio Wallace estará fora da cidade. Butch Coolidge (Bruce Willis) é um boxeador idoso que é pago por Wallace para perder sua luta. As vidas dessas pessoas aparentemente não relacionadas são entrelaçadas, compreendendo uma série de incidentes engraçados, bizarros e desnecessários.
10;O Senhor dos Anéis: As Duas Torres;2002;179;12;Aventura, Drama, Fantasia;Na segunda parte da trilogia de Tolkien, Frodo Baggins e os outros membros da Irmandade continuam em sua missão sagrada de destruir o Um Anel, mas em caminhos separados. Seus destinos estão em duas torres: a Torre Orthanc em Isengard, onde o mago corrupto Saruman o espera, e a fortaleza de Sauron em Barad-dur, nas profundezas das terras escuras de Mordor.
11;Três Homens em Conflito;1966;161;14;Aventura, Drama, Faroeste;Durante a Guerra Civil Americana, três homens partiram para encontrar $200.000,00 em moedas de ouro enterradas. Tuco e Blondie se conhecem há algum tempo, tendo usado a recompensa na cabeça de Tuco como forma de ganhar dinheiro. Eles se deparam com um homem moribundo, Bill Carson, que lhes fala de um tesouro em moedas de ouro. Por acaso, ele revela o nome do cemitério e o nome do túmulo onde o ouro está enterrado. Agora rivais, os dois homens têm boas razões para se manterem vivos. O terceiro homem, Angel Eyes, ouve falar do estoque de ouro de alguém que ele foi contratado para matar. Tudo o que ele sabe é procurar alguém chamado Bill Carson. Os três finalmente se encontram em um confronto que acontece em meio a uma grande batalha entre as forças confederadas e da União.
12;Forrest Gump - O Contador de Histórias;1994;142;14;Drama, Romance;Forrest Gump é um homem simples com um baixo QI, mas com boas intenções. Ele está passando pela infância com sua melhor e única amiga Jenny. Sua 'mamãe' lhe ensina os modos de vida e deixa que ele escolha seu destino. Forrest se junta ao exército para servir no Vietnã, encontra novos amigos chamados Dan e Bubba, ganha medalhas, cria uma famosa frota de pesca de camarão, inspira as pessoas a correr, inicia uma mania de pingue-pongue, cria o smiley, escreve adesivos e músicas, doa para pessoas e encontra o presidente várias vezes. No entanto, tudo isso é irrelevante para Forrest, que só consegue pensar em sua namorada de infância Jenny Curran, que bagunçou sua vida. Embora, no final, tudo o que ele queira provar é que qualquer um pode amar alguém.
13;Clube da Luta;1999;139;18;Policial, Drama, Suspense;Um narrador em primeira pessoa sem nome frequenta grupos de apoio na tentativa de subjugar seu estado emocional e aliviar seu estado de insônia. Quando ele conhece Marla, outra falsa participante de grupos de apoio, sua vida parece se tornar um pouco mais suportável. No entanto, quando ele se associa a Tyler, ele é arrastado para um clube de luta clandestino e para um esquema de fabricação de novelas. Juntos, os dois homens saem do controle e se envolvem em uma rivalidade competitiva por amor e poder.
14;A Origem;2010;148;14;Aventura, Ficção científica, Suspense;Dom Cobb é um ladrão habilidoso, o melhor na perigosa arte da extração, roubando segredos valiosos das profundezas do subconsciente durante o estado de sonho, quando a mente está mais vulnerável. A habilidade rara de Cobb o tornou um jogador cobiçado neste novo mundo traiçoeiro de espionagem corporativa, mas também o tornou um fugitivo internacional e lhe custou tudo o que ele sempre amou. Agora está sendo oferecida a Cobb uma chance de redenção. Um último trabalho pode lhe devolver sua vida, mas somente se ele conseguir realizar o impossível: o início. Em vez do assalto perfeito, Cobb e sua equipe de especialistas precisam fazer o contrário: sua tarefa não é roubar uma ideia, mas sim plantá-la. Se tiverem sucesso, pode ser o crime perfeito. Mas nenhum planejamento cuidadoso ou experiência pode preparar a equipe para o perigoso inimigo que parece prever cada movimento deles. Um inimigo que só Cobb poderia ter previsto.
15;Star Wars: Episódio V - O Império Contra-Ataca;1980;124;Livre;Aventura, Fantasia, Ficção científica;A lendária saga continua enquanto a Aliança Rebelde enfrenta desafios crescentes do poderoso Império Galáctico. Luke Skywalker, Han Solo e a Princesa Leia Organa enfrentam novas provações que testam sua coragem, amizades e crenças. A Aliança Rebelde estabeleceu uma base escondida no planeta gelado de Hoth, onde eles esperam se reagrupar e planejar seus próximos movimentos contra o Império. Luke Skywalker recebe uma mensagem de uma fonte familiar, o que o leva a buscar mais orientação para entender sua conexão com a Força. A jornada de Han Solo e da Princesa Leia os leva a um caminho perigoso enquanto navegam por uma galáxia sob controle imperial. Suas ações e decisões levam a consequências imprevistas que afetarão o destino da Rebelião. Enquanto isso, a presença sombria de Darth Vader surge enquanto ele persegue incansavelmente os rebeldes enquanto lida com seus próprios conflitos internos.
16;Matrix;1999;136;14;Ação, Ficção científica;Thomas A. Anderson é um homem que vive duas vidas. Durante o dia, ele é um programador de computador comum e, à noite, um hacker conhecido como Neo. Neo sempre questionou sua realidade, mas a verdade está muito além de sua imaginação. Neo se vê alvo da polícia quando é contatado por Morpheus, um lendário hacker de computador rotulado de terrorista pelo governo. Como rebelde contra as máquinas, Neo deve confrontar os agentes: programas de computador superpoderosos dedicados a deter Neo e toda a rebelião humana.
17;Interestelar;2014;169;10;Aventura, Ficção científica;Em um futuro próximo, no meio-oeste americano, Cooper, um ex-engenheiro científico e piloto, está vinculado a suas terras agrícolas com sua filha Murph e seu filho Tom. À medida que tempestades de areia devastadoras assolam as plantações da Terra, as pessoas da Terra percebem que sua vida aqui está chegando ao fim quando a comida começa a acabar. Eventualmente, ao se deparar com uma base da NASA a 6 horas da casa de Cooper, ele é convidado a embarcar em uma missão ousada com alguns outros cientistas em um buraco de minhoca por causa do intelecto científico e da habilidade de Cooper de pilotar aeronaves ao contrário dos outros membros da tripulação. Para encontrar um novo lar enquanto a Terra se decompõe, Cooper deve decidir ficar ou correr o risco de nunca mais ver seus filhos para salvar a raça humana encontrando outro planeta habitável.
18;Os Bons Companheiros;1990;145;14;Biografia, Policial, Drama;Henry Hill relata sua vida na máfia, desde a adolescência até sua eventual queda. Imerso no crime organizado, ele experimenta riqueza, poder e violência ao lado dos amigos Jimmy Conway e Tommy DeVito. O filme mistura crime, drama e humor negro, explorando lealdade, ambição, traição e as consequências da vida criminosa. Temas de família, moralidade e a natureza fugaz do poder sustentam a história.
19;Um Estranho no Ninho;1975;133;16;Drama;McMurphy tem um passado criminoso e mais uma vez se meteu em problemas e é condenado pelo tribunal. Para escapar das tarefas trabalhistas na prisão, McMurphy alega insanidade e é enviado para uma ala para pessoas mentalmente instáveis. Uma vez aqui, McMurphy resiste e testemunha o abuso e a degradação da opressiva enfermeira Ratched, que ganha superioridade e poder por meio das falhas dos outros presos. McMurphy e os outros detentos se unem para assumir uma postura rebelde contra a atroz enfermeira.
20;Seven - Os Sete Crimes Capitais;1995;127;14;Policial, Drama, Mistério, Suspense;Situado em uma cidade sem nome, Se7en conta a história de dois detetives de homicídios rastreando um assassino em série sádico que escolhe suas vítimas de acordo com os sete pecados capitais. Brad Pitt estrela como o detetive David Mills, um novato esperançoso, mas ?$#@$, que se vê parceiro do veterano detetive William Somerset (Morgan Freeman). Juntos, eles rastreiam cada passo do assassino, testemunhando as consequências de seus crimes horríveis, um por um, enquanto as vítimas se acumulam em rápida sucessão, ao mesmo tempo em que se aproximam de um destino horrível que nenhum deles poderia ter previsto.
21;A Felicidade Não se Compra;1946;130;Livre;Drama, Família, Fantasia, Romance;George Bailey passou toda a sua vida se entregando ao povo de Bedford Falls. Ele sempre desejou viajar, mas nunca teve a oportunidade de impedir que o rico e peludo Sr. Potter dominasse toda a cidade. Tudo o que o impede de fazer isso é a modesta empresa de construção e empréstimo de George, fundada por seu pai generoso. Mas na véspera de Natal, seu tio Billy perde os $8.000 da empresa com a intenção de depositá-los no banco. O Sr. Potter encontra e esconde isso dele. Quando o examinador do banco descobre a escassez mais tarde naquela noite, George percebe que ele será responsabilizado e enviado para a prisão e a empresa entrará em colapso, permitindo finalmente que o Sr. Potter assuma o controle da cidade. Pensando que sua esposa, Mary, seus quatro filhos e outras pessoas que ele ama ficarão melhor com sua morte, ele pensa em suicídio. Mas as orações de seus entes queridos resultam em seu anjo da guarda, Clarence Odbody, vindo à Terra para ajudá-lo, com a promessa de ganhar suas asas. Ele mostra a ele como as coisas teriam sido se ele nunca tivesse nascido.
22;O Silêncio dos Inocentes;1991;118;14;Policial, Drama, Terror, Suspense;Clarice Starling (Jodie Foster), estagiária do FBI, trabalha duro para avançar em sua carreira, enquanto tenta esconder ou deixar para trás suas raízes na Virgínia Ocidental, das quais, se alguns soubessem, a classificariam automaticamente como atrasada ou lixo branco. Após a formatura, ela deseja trabalhar na Unidade de Ciência Comportamental da agência sob a liderança de Jack Crawford (Scott Glenn). Enquanto ela ainda é estagiária, Crawford pede que ela questione o Dr. Hannibal Lecter (Sir Anthony Hopkins), um psiquiatra preso, até agora, por oito anos em isolamento de segurança máxima por ser um serial killer que canibalizou suas vítimas. Clarice consegue descobrir que a tarefa é escolher o cérebro de Lecter para ajudá-los a resolver outro caso de assassinato em série, o de alguém cunhado pela mídia como “Buffalo Bill” (Ted Levine), que até agora matou cinco vítimas, todas localizadas no leste dos EUA, todas mulheres jovens, com um pouco de excesso de peso (especialmente nos quadris), todas afogadas em corpos d'água naturais e todas as que foram despojado de grandes faixas de pele. Ela também acha que Crawford a escolheu, como mulher, para ser capaz de desencadear alguma resposta emocional de Lecter. Depois de falar com Lecter pela primeira vez, ela percebe que tudo com ele será um jogo psicológico, com ela muitas vezes tendo que ler nas entrelinhas muito enigmáticas que ele fornece. Ela tem que decidir o quanto ela vai jogar junto, já que o pedido dele em troca de falar com ele é se expor emocionalmente a ele. O caso toma um rumo mais terrível quando uma sexta vítima é descoberta, desta de quem eles são capazes de recuperar uma peça chave de evidência, se Lecter estiver sendo franco quanto ao significado. Uma possível sétima vítima é a famosa Catherine Martin (Brooke Smith), filha da senadora Ruth Martin (Diane Baker), que examina mais detalhadamente o caso enquanto procuram por Catherine, esperançosamente, ainda viva. Quem pode influenciar o que acontece é o Dr. Frederick Chilton (Anthony Heald), o diretor da prisão, um oportunista que vê o perfil mais alto de Catherine, o que significa um perfil mais alto para si mesmo se conseguir se inserir com sucesso no processo.
23;O Resgate do Soldado Ryan;1998;169;14;Drama, Guerra;Começando com a invasão aliada da Normandia em 6 de junho de 1944, membros do 2º Batalhão de Rangers sob o comando do Cpt. Miller luta em terra para garantir uma cabeça de praia. Em meio à luta, dois irmãos são mortos em combate. Mais cedo, na Nova Guiné, um terceiro irmão é KIA. A mãe deles, Sra. Ryan, receberá todos os três telegramas do túmulo no mesmo dia. O Chefe do Estado Maior do Exército dos Estados Unidos, George C. Marshall, tem a oportunidade de aliviar um pouco de sua dor ao saber de um quarto irmão, o soldado James Ryan, e decidir enviar 8 homens (Cpt. Miller e alguns membros do 2nd Rangers) para encontrá-lo e trazê-lo de volta para casa, para sua mãe...
24;Os Sete Samurais;1954;207;10;Ação, Drama;Um samurai veterano que passou por tempos difíceis responde ao pedido de proteção de uma vila contra bandidos. Ele reúne outros seis samurais para ajudá-lo. Eles ensinam os habitantes da cidade a se defenderem, e os habitantes da cidade fornecem aos samurais três pequenas refeições por dia. O filme culmina em uma batalha gigante quando 40 bandidos atacam a vila.
25;À Espera de um Milagre;1999;189;18;Policial, Drama, Fantasia, Mistério;Baseado no romance homônimo de Stephen King de 1996. É estrelado por Tom Hanks como um agente penitenciário no corredor da morte durante a Grande Depressão dos EUA que testemunha eventos sobrenaturais que ocorrem depois que um enigmático preso (Michael Clarke Duncan) é levado para suas instalações.
26;Cidade de Deus;2002;130;16;Policial, Drama;Brasil, anos 60, Cidade de Deus. O Tender Trio rouba motéis e caminhões de gasolina. Crianças mais novas assistem e aprendem bem... muito bem. 1970: Li'l Zé prosperou muito bem e é dono da cidade. Ele causa violência e medo ao eliminar gangues rivais sem piedade. Seu melhor amigo Bené é o único que o mantém do lado bom da sanidade. Rocket viu esses dois ganharem poder por anos, e ele não quer fazer parte disso. Ele continua se envolvendo na loucura. Tudo o que ele quer fazer é tirar fotos. Década de 1980: As coisas estão fora de controle entre as duas últimas gangues restantes... será que isso vai acabar? Bem-vindo à Cidade de Deus.
27;A Vida é Bela;1997;116;Livre;Comédia, Drama, Romance, Guerra;Na Itália dos anos 1930, um garçom judeu despreocupado que virou livreiro chamado Guido começa uma vida de conto de fadas cortejando e se casando com uma adorável professora chamada Dora. Guido e Dora têm um filho chamado Joshua e vivem felizes juntos até a deportação forçada da população judaica da cidade em vagões de gado. Dora, embora não precise ser deportada, se voluntaria para sair com sua família e todas são forçadas a viver em um campo de concentração. Na tentativa de manter sua família unida e ajudar seu filho a sobreviver aos horrores de um campo de concentração, Guido imagina que o Holocausto é um jogo e que o grande prêmio da vitória é um tanque.
28;O Exterminador do Futuro 2: O Julgamento Final;1991;137;12;Ação, Aventura, Ficção científica;Mais de dez anos se passaram desde que a primeira máquina chamada The Terminator tentou matar Sarah Connor e seu filho ainda não nascido, John. O homem que se tornará o futuro líder da resistência humana contra as Máquinas agora é um jovem saudável. No entanto, outro Terminator, chamado T-1000, é enviado de volta no tempo pelo sistema de computador autoconsciente Skynet. Este novo Exterminador é mais avançado e mais poderoso que seu antecessor e sua missão é matar John Connor quando ele ainda é criança. No entanto, Sarah e John não precisam enfrentar a ameaça do T-1000 sozinhos. Outro Exterminador (idêntico ao mesmo modelo que tentou e não conseguiu matar Sarah Connor em 1984) também é enviado de volta no tempo para protegê-los. Enquanto John ensina ao Exterminador do Futuro sobre a humanidade, Sarah tenta impedir a criação da Skynet and the Machines.
29;De Volta para o Futuro;1985;116;Livre;Aventura, Comédia, Ficção científica;Marty McFly, um típico adolescente americano dos anos 80, é acidentalmente enviado de volta a 1955 em uma “máquina do tempo” DeLorean movida a plutônio inventada por um cientista um pouco louco. Durante sua viagem, muitas vezes histérica e sempre incrível, de volta no tempo, Marty precisa garantir que seus futuros pais adolescentes se encontrem e se apaixonem para voltar ao futuro.
30;Star Wars: Episódio IV - Uma Nova Esperança;1977;121;10;Ação, Aventura, Fantasia, Ficção científica;As Forças Imperiais, sob as ordens do cruel Darth Vader (David Prowse), mantêm a Princesa Leia (Carrie Fisher) como refém, em seus esforços para reprimir a rebelião contra o Império Galáctico. Luke Skywalker (Mark Hamill) e Han Solo (Harrison Ford), capitão da Millennium Falcon, trabalham juntos com a dupla de droides R2-D2 (Kenny Baker) e C-3PO (Anthony Daniels) para resgatar a linda princesa, ajudar a Aliança Rebelde e restaurar a liberdade e a justiça na Galáxia.
31;A Viagem de Chihiro;2001;124;Livre;Animação, Aventura, Família, Fantasia;As aventuras fantasiosas de uma menina de dez anos chamada Chihiro, que descobre um mundo secreto quando ela e sua família se perdem e se aventuram por um túnel na encosta. Quando seus pais passam por uma transformação misteriosa, Chihiro deve se defender sozinha ao encontrar espíritos estranhos, criaturas variadas e uma feiticeira mal-humorada que busca impedi-la de retornar ao mundo humano.
32;Gladiador;2000;155;14;Ação, Aventura, Drama;Maximus é um poderoso general romano, amado pelo povo e pelo idoso imperador Marco Aurélio. Antes de sua morte, o Imperador escolhe Maximus para ser seu herdeiro em vez de seu próprio filho, Commodus, e uma luta pelo poder deixa Maximus e sua família condenados à morte. O poderoso general é capturado e colocado nos jogos do Gladiador até morrer. O único desejo que o alimenta agora é a chance de subir ao topo para poder olhar nos olhos do homem que sentirá sua vingança.
33;Kill Bill: The Whole Bloody Affair;2004;253;18;Ação, Policial, Suspense;Uma jovem é baleada e deixada para morrer em seu casamento. Toda a festa de casamento dela é massacrada a sangue frio. Depois de quatro anos em coma, ela acorda e se propõe sistematicamente a se vingar das pessoas responsáveis, especialmente de seu líder, Bill.
34;O Pianista;2002;150;14;Biografia, Drama, Musical, Guerra;Nesta adaptação da autobiografia “O pianista: a extraordinária história verdadeira da sobrevivência de um homem em Varsóvia, 1939-1945”, Wladyslaw Szpilman, pianista de uma estação de rádio judia polonesa, vê Varsóvia mudar gradualmente com o início da Segunda Guerra Mundial. Szpilman é forçado a entrar no Gueto de Varsóvia, mas depois é separado de sua família durante a Operação Reinhard. A partir desse momento até a libertação dos prisioneiros do campo de concentração, Szpilman se esconde em vários locais entre as ruínas de Varsóvia.
35;Parasita;2019;132;16;Drama, Suspense;Os Kims - mãe e pai Chung-sook e Ki-taek, e seus filhos jovens adultos, filho Ki-woo e filha Ki-jung - são uma família pobre que vive em um apartamento pobre e apertado de meio subsolo em um movimentado distrito comercial da classe trabalhadora baixa de Seul. Ki-woo é aquele que sonha em sair da pobreza um dia indo para a universidade. Apesar de não ter essa educação universitária, Ki-woo é escolhido por seu amigo estudante universitário Min, que está saindo para ir para a escola, para assumir seu emprego de tutor em Park Da-hye, com quem Min planeja namorar quando ele voltar para Seul e ela mesma estiver na universidade. Os Parks são uma família rica que há quatro anos vive em sua casa modernista projetada e na antiga residência do famoso arquiteto Namgoong. Enquanto o Sr. e a Sra. Park se preocupam com status, a Sra. Park tem uma mentalidade e um temperamento volúveis e simplórios, que Min diz a Ki-woo que se sinta confortável em mentir para ela sobre sua educação para conseguir o emprego. Ao conseguir o emprego, Ki-woo descobre ainda que a Sra. Park está procurando uma arteterapeuta para o filho adolescente de Parks, Da-song. Ki-woo rapidamente recomendando sua amiga arteterapeuta profissional “Jessica”, na verdade Ki-jung, que ele sabe que pode fazer o golpe de ser o mentiroso mais fácil dos quatro Kims. Em Ki-woo, que também se apaixona por Da-hye, ele começa a se imaginar naquela casa e, assim, os Kims, como um coletivo, iniciam um plano para que todos os Kims, como Ki-jung, usando nomes falsos, substituam os servos existentes nos Parques para orquestrar os motivos para serem demitidos. A mais difícil de se livrar pode ser Moon-gwang, a governanta dos Parks que literalmente veio com a casa - ela era empregada doméstica de Namgoong quando ele morava lá - e, portanto, conhece todos os pequenos cantos e recantos dela melhor do que os próprios Parks. A questão então é até onde os Kims podem levar esse golpe em sua busca para se tornarem sua versão dos Parques.
36;Túmulo dos Vagalumes;1988;88;14;Animação, Drama, Guerra;A história de Seita e Setsuko, dois jovens irmãos japoneses, que vivem nos dias de declínio da Segunda Guerra Mundial. Quando um bombardeio americano separa as duas crianças de seus pais, os dois irmãos precisam confiar totalmente um no outro enquanto lutam para sobreviver.
37;Harakiri;1962;133;16;Drama, Mistério;Um samurai, Hanshiro Tsugumo, chega à casa do Clã Iyi com um pedido incomum. Devido às circunstâncias, ele deseja cometer harakiri, ritual de suicídio, no pátio da casa. Acontece que esse não é um pedido tão incomum: o clã já recebeu esses pedidos antes, embora as intenções do solicitante nem sempre fossem honrosas. O ancião do clã conta a Tsugumo a história do último samurai que fez o pedido e como isso terminou. Ele ainda vai continuar com isso?
38;O Rei Leão;1994;88;Livre;Animação, Aventura, Drama, Família, Musical;Um jovem príncipe leão é expulso de seu orgulho por seu tio cruel, que afirma ter matado seu pai. Enquanto o tio governa com uma pata de ferro, o príncipe cresce além da savana, vivendo de acordo com uma filosofia: não se preocupe pelo resto de seus dias. Mas quando seu passado chega para assombrá-lo, o jovem príncipe deve decidir seu destino: ele permanecerá um pária ou enfrentará seus demônios e se tornará o que ele precisa ser?
39;Psicose;1960;109;14;Drama, Terror, Mistério, Suspense;Marion Crane, funcionária de escritório de Phoenix, está farta da forma como a vida a tratou. Ela tem que conhecer seu amante Sam nos intervalos para o almoço, e eles não podem se casar porque Sam tem que doar a maior parte de seu dinheiro em pensão alimentícia. Certa sexta-feira, Marion recebe a confiança de seu empregador para depositar quarenta mil dólares. Vendo a oportunidade de pegar o dinheiro e começar uma nova vida, Marion deixa a cidade e vai até a loja Sam's California. Cansada após a longa viagem e pega uma tempestade, ela sai da rodovia principal e entra no Bates Motel. O motel é administrado por um jovem tranquilo chamado Norman, que parece ser dominado por sua mãe.
40;Os Infiltrados;2006;151;18;Policial, Drama, Suspense;A Polícia Estadual de Massachusetts está desesperada para reprimir o crime organizado irlandês-americano. O jovem policial disfarçado Billy Costigan é designado para se infiltrar no sindicato da máfia dirigido por Frank Costello. Enquanto Billy rapidamente ganha a confiança de Costello, Colin Sullivan, um protegido de Costello que se infiltrou na polícia estadual como informante do sindicato, está subindo para uma posição de poder na Unidade de Investigação Especial. Cada homem fica profundamente consumido por suas vidas duplas, reunindo informações sobre os planos e contra-planos das operações em que entraram. Mas quando fica claro para a multidão e para a polícia que há um espião entre eles, Billy e Colin subitamente correm o risco de serem pegos e expostos ao inimigo, e cada um deve correr para descobrir a identidade do outro homem a tempo de se salvar.
41;Whiplash: Em Busca da Perfeição;2014;106;12;Drama, Musical;Andrew Nieman, de dezenove anos, quer ser o maior baterista de jazz do mundo, em uma liga com Buddy Rich. Esse objetivo ocorre apesar de não vir de um pedigree dos melhores, musicais ou não, com Jim, seu pai professor do ensino médio, sendo um escritor fracassado. Andrew está começando seu primeiro ano no Shaffer Conservatory of Music, a melhor escola de música dos Estados Unidos. Em Shaffer, ser o melhor significa ser aceito para estudar com Terence Fletcher e ser convidado a tocar em sua banda de estúdio, que representa a escola em competições de jazz. Com base em seu primeiro encontro nada positivo, Andrew fica surpreso que Fletcher o convide para se juntar à banda, embora na posição alternativa de baterista, o que ele está mais do que feliz em fazer inicialmente. Andrew descobre rapidamente que Fletcher opera com base no medo e na intimidação, nunca se contentando com o que ele considera menos do que o melhor todas as vezes. Ser o melhor na mente de Fletcher não significa apenas jogar bem, mas saber que você está jogando bem e, se não, o que está fazendo de errado. Seu modus operandi cria uma atmosfera de medo e de cada homem ou mulher por si mesmo dentro da banda. Independentemente disso, Andrew trabalha duro para ser o melhor. Ele precisa descobrir suas prioridades de vida e o que está disposto a sacrificar para ser o melhor. A outra questão é quanto abuso emocional ele sofrerá por parte de Fletcher para alcançar essa grandeza, que ele pode acreditar que só pode alcançar com os caminhos abertos por Fletcher.
42;O Grande Truque;2006;130;14;Drama, Mistério, Ficção científica, Suspense;Robert Angier vive para o barulho da multidão, enquanto Alfred Borden vive para o segredo. Quando uma manobra malsucedida deixa Angier viúvo, sua dor se transforma em uma fixação tóxica na técnica superior de Borden. O catalisador da perda leva Angier a caçar a mecânica do truque de um rival, levando-o a uma colisão com a ciência experimental e a ruína pessoal. Ele gira em direção a uma vaidade implacável, escolhendo esvaziar sua própria identidade para conseguir uma presença de palco perfeita. O custo dessa busca é a desintegração total de seu centro moral, pois ele troca sua humanidade pelo êxtase fugaz de superar seu inimigo.
43;A Outra História Americana;1998;119;16;Policial, Drama;Derek Vineyard está em liberdade condicional após cumprir 3 anos de prisão por matar brutalmente dois homens negros que tentaram arrombar/roubar seu caminhão. Por meio da narração de seu irmão de 14 anos, Danny Vineyard, aprendemos que, antes de ir para a prisão, Derek era um skinhead e líder de uma violenta gangue supremacista branca que cometeu atos de crime racial em Los Angeles e suas ações influenciaram muito Danny. Reformado e recém-saído da prisão, Derek rompe o contato com a gangue e fica determinado a impedir que Danny siga o mesmo caminho violento que ele.
44;Homem-Aranha: Através do Aranhaverso;2023;140;10;Animação, Ação, Aventura, Família, Fantasia, Ficção científica;Miles Morales retorna para o próximo capítulo da saga Spider-Verse, vencedora do Oscar®, uma aventura épica que transportará o amigável Homem-Aranha do bairro do Brooklyn em tempo integral pelo Multiverso para unir forças com Gwen Stacy e uma nova equipe de Homens-Aranha para enfrentar um vilão mais poderoso do que qualquer coisa que eles já encontraram.
45;O Profissional;1994;110;14;Ação, Policial, Drama, Suspense;Depois que seu pai, madrasta, meia-irmã e irmão mais novo são mortos pelos empregadores de seu pai, a filha de 12 anos de um traficante de drogas abjeto consegue se refugiar no apartamento de um assassino profissional que, a seu pedido, lhe ensina os métodos de seu trabalho para que ela possa se vingar do agente corrupto da DEA que arruinou sua vida matando seu amado irmão.
46;Cinema Paradiso;1988;174;10;Drama, Romance;Um garoto que cresceu em uma vila nativa da Sicília volta para casa como diretor famoso após receber a notícia da morte de um velho amigo. Contado em um flashback, Salvatore relembra sua infância e sua relação com Alfredo, projecionista do Cinema Paradiso. Sob a influência paternal de Alfredo, Salvatore se apaixonou pela produção de filmes, com a dupla passando muitas horas discutindo sobre filmes e Alfredo ensinando meticulosamente a Salvatore as habilidades que se tornaram um trampolim para o jovem no mundo do cinema. O filme mostra ao público as mudanças no cinema e o comércio moribundo da produção, edição e exibição de filmes tradicionais. Também explora o sonho de um garoto de deixar sua pequena cidade para entrar no mundo exterior.
47;Casablanca;1942;102;Livre;Drama, Romance, Guerra;A história de Rick Blaine, um expatriado cínico cansado do mundo que dirige uma boate em Casablanca, Marrocos, durante os primeiros estágios da Segunda Guerra Mundial. Apesar da pressão que recebe constantemente das autoridades locais, o café de Rick se tornou uma espécie de paraíso para refugiados que buscam obter cartas ilícitas que os ajudem a fugir para a América. Mas quando Ilsa, uma ex-amante de Rick, e seu marido aparecem em seu café um dia, Rick enfrenta um duro desafio que trará complicações imprevistas, desgosto e, finalmente, uma decisão dolorosa a ser tomada.
48;Intocáveis;2011;112;14;Comédia, Drama;Philippe, um tetraplégico rico, contrata Driss, um ex-presidiário, como seu cuidador. Apesar das diferenças culturais e sociais, os dois formam uma amizade profunda que transforma suas vidas. Por meio de humor, empatia e respeito mútuo, eles enfrentam desafios físicos, emocionais e sociais. O filme explora a amizade, o crescimento pessoal e a dignidade humana, misturando comédia e drama para destacar o poder transformador da conexão e da compreensão entre divisões.
49;Os Suspeitos;1995;106;14;Policial, Drama, Mistério, Suspense;Após um sequestro de caminhão em Nova York, cinco criminosos são presos e reunidos para interrogatório. Como nenhum deles é culpado, eles planejam uma operação de vingança contra a polícia. A operação corre bem, mas depois é sentida a influência de um lendário mentor criminoso chamado Keyser Söze. Fica claro que cada um deles prejudicou Söze em algum momento e deve retribuir agora. O trabalho de vingança deixa 27 homens mortos na explosão de um barco, mas a verdadeira questão surge agora: quem realmente é Keyser Söze?
50;Django Livre;2012;165;16;Drama, Faroeste;Em 1858, um caçador de recompensas chamado King Schultz procura um escravo chamado Django e o compra porque precisa que ele encontre alguns homens que está procurando. Depois de encontrá-los, Django quer encontrar sua esposa, Broomhilda, que, junto com ele, foi vendida separadamente por seu antigo dono por tentar escapar. Schultz se oferece para ajudá-lo se ele decidir ficar com ele e ser seu parceiro. Eventualmente, eles descobrem que ela foi vendida para uma plantação no Mississippi. Sabendo que não podem simplesmente entrar e dizer que a querem, eles elaboram um plano para que o proprietário os receba em sua casa e eles possam encontrar uma maneira.
51;Alien - O 8º Passageiro;1979;117;14;Terror, Ficção científica;Em um futuro distante, a tripulação da nave espacial comercial “Nostromo” está voltando para casa quando a tripulação recebe um pedido de socorro de uma lua distante. A tripulação deve investigar e a nave espacial desce no pequeno planetóide depois. Depois de uma aterrissagem brusca, três tripulantes deixam a nave espacial para explorar a área no planetóide. Ao mesmo tempo, o computador da nave decifra a mensagem. Quando a tripulação percebe que não está sozinha na nave espacial, ela deve lidar com as consequências.
52;Janela Indiscreta;1954;112;14;Drama, Mistério, Suspense;O fotógrafo profissional L.B. “Jeff” Jefferies quebra a perna ao tirar uma foto de ação em uma corrida de automóveis. Confinado em seu apartamento em Nova York, ele passa o tempo olhando pela janela traseira observando os vizinhos. Ele começa a suspeitar que um homem do outro lado do pátio pode ter assassinado sua esposa. Jeff pede a ajuda de sua namorada, consultora de moda da alta sociedade, Lisa Fremont, e de sua enfermeira visitante Stella para investigar.
53;Tempos Modernos;1936;87;Livre;Comédia, Drama, Romance;O último filme “mudo” de Chaplin, cheio de efeitos sonoros, foi feito quando todo mundo estava fazendo filmes falados. Charlie se volta contra a sociedade moderna, a era das máquinas, (O uso do som em filmes?) e progresso. Primeiro, o vemos tentando freneticamente acompanhar uma linha de produção, apertando os parafusos. Ele é selecionado para um experimento com uma máquina de alimentação automática, mas vários contratempos levam seu chefe a acreditar que ele enlouqueceu, e Charlie é enviado para um hospital psiquiátrico - Ao sair, é confundido com um comunista enquanto agita uma bandeira vermelha, é preso, frustra uma fuga da prisão e é libertado novamente. Acompanhamos Charlie em muitas outras aventuras antes do lançamento do filme.
54;Era Uma Vez no Oeste;1968;166;14;Drama, Faroeste;História de uma jovem, a Sra. McBain, que se muda de Nova Orleans para a fronteira de Utah, nos limites do oeste americano. Ela chega e descobre que seu novo marido e sua família foram massacrados, mas por quem? A principal suspeita, Cheyenne, amante do café, faz amizade com ela e se oferece para perseguir o verdadeiro assassino, o líder da gangue assassina Frank, em sua homenagem. Ele é acompanhado por Harmonica, um homem que já está em busca de vingança.
55;WALL·E;2008;98;Livre;Animação, Aventura, Família, Ficção científica;Em um futuro distante, mas não tão irreal, em que a humanidade abandonou a Terra porque ela ficou coberta de lixo de produtos vendidos pela poderosa corporação multinacional Buy N Large, WALL-E, um robô coletor de lixo foi deixado para limpar a bagunça. Hipnotizado com bugigangas da história da Terra e músicas de shows, WALL-E está sozinho na Terra, exceto por uma alegre barata de estimação. Um dia, EVE, um elegante (e perigoso) robô de reconhecimento, é enviado à Terra para encontrar provas de que a vida voltou a ser sustentável. WALL-E se apaixona por EVE. WALL-E resgata EVE de uma tempestade de poeira e mostra a ela uma planta viva que ele encontrou entre os escombros. Consistente com sua “diretriz”, EVE pega a planta e entra automaticamente em um estado desativado, exceto por um farol verde piscando. WALL-E, não entende o que aconteceu com sua nova amiga, mas, fiel ao seu amor, ele a protege do vento, da chuva e dos raios, mesmo quando ela não responde. Um dia, um enorme navio chega para recuperar EVE, mas WALL-E, por amor ou solidão, pega uma carona do lado de fora do navio para resgatar EVE. A nave chega de volta a um grande navio de cruzeiro espacial, que carrega todos os humanos que evacuaram a Terra 700 anos antes. As pessoas da Terra andam por este resort espacial em cadeiras flutuantes que lhes proporcionam uma transmissão constante de conversas na TV e vídeo. Eles bebem todas as refeições à vontade por preguiça e/ou perda óssea, e são todos tão gordos que mal conseguem se mover. Quando o computador de piloto automático, seguindo instruções dadas às pressas enviadas muitos séculos antes, tenta impedir que as pessoas da Terra retornem roubando a planta, WALL-E, EVE, o corpulento capitão e um bando de robôs quebrados encenam um motim.
56;Luzes da Cidade;1931;87;Livre;Comédia, Drama, Romance;Um mendigo se apaixona por uma linda garota cega. A família dela está com problemas financeiros. A amizade intermitente do mendigo com um homem rico permite que ele seja o benfeitor e pretendente da garota.
57;Apocalypse Now;1979;147;16;Drama, Mistério, Guerra;É o auge da guerra no Vietnã, e o Capitão Willard, do Exército dos EUA, é enviado pelo coronel Lucas e por um general para cumprir uma missão que, oficialmente, 'não existe — nem existirá'. A missão: procurar um misterioso coronel Boina Verde, Walter Kurtz, cujo exército cruzou a fronteira com o Camboja e está conduzindo missões de atropelamento e fuga contra os vietcongues e o NVA. O exército acredita que Kurtz ficou completamente louco e o trabalho de Willard é eliminá-lo. Willard, enviado até o rio Nung em um barco-patrulha da Marinha dos EUA, descobre que seu alvo é um dos oficiais mais condecorados do Exército dos EUA. Sua tripulação se encontra com o tenente-coronel Kilgore, do tipo surfista, chefe de um grupo de cavalaria de helicópteros do Exército dos EUA que elimina um posto avançado vietcongue para fornecer um ponto de entrada no rio Nung. Depois de alguns encontros arrepiantes, nos quais alguns de sua tripulação são mortos, Willard, Lance e Chef chegam ao posto avançado do Coronel Kurtz, além da Ponte Do Lung. Agora, depois de se tornarem prisioneiros de Kurtz, Willard e os outros conseguirão cumprir sua missão?
58;Amnésia;2000;113;16;Mistério, Suspense;Memento narra duas histórias distintas de Leonard, um ex-investigador de seguros que não consegue mais construir novas memórias, enquanto tenta encontrar o assassino de sua esposa, que é a última coisa de que ele se lembra. Um enredo avança no tempo, enquanto o outro conta a história de trás para frente, revelando mais a cada vez.
59;Vingadores: Guerra Infinita;2018;149;12;Ação, Aventura, Ficção científica;Como os Vingadores e seus aliados continuaram protegendo o mundo de ameaças grandes demais para qualquer herói lidar, um novo perigo surgiu das sombras cósmicas: Thanos. Um déspota de infâmia intergaláctica, seu objetivo é coletar todas as seis Pedras do Infinito, artefatos de poder inimaginável, e usá-las para infligir sua vontade distorcida a toda a realidade. Tudo pelo qual os Vingadores lutaram levou até este momento, o destino da Terra e da existência nunca foi tão incerto.
60;Duna: Parte 2;2024;166;14;Ação, Aventura, Drama, Ficção científica;Paul Atreides se une a Chani e aos Fremen em uma guerra de vingança contra os conspiradores que destruíram sua família. Enfrentando uma escolha entre o amor de sua vida e o destino do universo conhecido, ele se esforça para evitar um futuro terrível que só ele pode prever.
61;Os Caçadores da Arca Perdida;1981;115;Livre;Aventura;O ano é 1936. Um professor de arqueologia chamado Indiana Jones está se aventurando nas selvas da América do Sul em busca de uma estátua dourada. Infelizmente, ele desencadeia uma armadilha mortal, mas escapa milagrosamente. Então, Jones ouve um curador de museu chamado Marcus Brody sobre um artefato bíblico chamado A Arca da Aliança, que pode conter a chave da existência humana. Jones precisa se aventurar em lugares vastos, como o Nepal e o Egito, para encontrar esse artefato. No entanto, ele terá que lutar contra seu inimigo Rene Belloq e um bando de nazistas para alcançá-lo.
62;A Odisseia;2026;172;14;Ação, Aventura, Fantasia;Após a Guerra de Tróia, Odisseu enfrenta uma perigosa viagem de volta a Ítaca, encontrando criaturas como o Ciclope Polifemo, Sirens e Calypso ao longo do caminho.
63;Homem-Aranha: No Aranhaverso;2018;117;10;Animação, Ação, Aventura, Família, Fantasia, Ficção científica;Phil Lord e Christopher Miller, as mentes criativas por trás de The Lego Movie e 21 Jump Street, trazem seus talentos únicos para uma nova visão de um universo diferente do Homem-Aranha, com um estilo visual inovador que é o primeiro desse tipo. “Spider-Man (TM): Into the Spider-Verse” apresenta o adolescente do Brooklyn Miles Morales (Shameik Moore) e as possibilidades ilimitadas do Aranhaverso, onde mais de um pode usar a máscara.
64;A Vida dos Outros;2006;137;12;Drama, Mistério, Suspense;Gerd Wiesler é oficial da Stasi, a polícia secreta da Alemanha Oriental. O filme começa em 1984, quando Wiesler assiste a uma peça escrita por Georg Dreyman, considerado por muitos como o melhor exemplo de cidadão leal. Wiesler tem a intuição de que Dreyman não pode ser tão ideal quanto parece e acredita que a vigilância é necessária. O Ministro da Cultura concorda, mas só mais tarde Wiesler descobre que o ministro vê Dreyman como um rival e cobiça sua parceira Christa-Maria. Quanto mais tempo ele passa ouvindo-os, mais ele passa a se preocupar com eles. O outrora rígido oficial da Stasi começa a intervir em suas vidas, de forma positiva, protegendo-as sempre que possível. Eventualmente, as atividades de Wiesler o alcançam e, embora não haja nenhuma prova de irregularidade, ele se vê em empregos braçais — até que o inacreditável acontece.
65;Crepúsculo dos Deuses;1950;110;Livre;Drama, Filme noir;Desesperado por dinheiro, o roteirista Joe Gillis tem um encontro casual com uma estrela decadente do cinema mudo. Norma Desmond mora em sua mansão em ruínas na Sunset Boulevard com apenas seu mordomo para lhe fazer companhia. Ela se tornou uma reclusa triste e louca, convencida de que o mundo exterior clama por seu retorno dramático. Seduzindo-o com a perspectiva de escrever um roteiro, ela o coloca em sua mansão e ele se torna cada vez mais envolvido e enredado em sua vida.
66;Testemunha de Acusação;1957;116;12;Policial, Drama, Mistério, Suspense;O advogado doente Sir Wilfrid Robarts é empurrado de volta ao tribunal no que se torna um dos casos de assassinato mais incomuns e agitados da carreira do advogado quando ele se vê defendendo Leonard Vole, um homem sendo julgado pelo assassinato de uma mulher rica. Com Robarts escolhendo representá-lo, os dois se deparam com a fria esposa de Leonard, Christine — que, em uma surpreendente reviravolta, opta por comparecer ao tribunal contra o marido.
67;Glória Feita de Sangue;1957;88;14;Drama, Guerra;A futilidade e a ironia da guerra nas trincheiras na Primeira Guerra Mundial são mostradas quando um comandante de unidade do exército francês deve lidar com o motim de seus homens e com um general em busca de glória depois que parte de sua força é atacada novamente em um ataque impossível.
68;Bastardos Inglórios;2009;153;18;Drama, Guerra;Na França ocupada pela Alemanha, a jovem refugiada judia Shosanna Dreyfus testemunha o massacre de sua família pelo coronel Hans Landa. Escapando por pouco com vida, ela planeja sua vingança vários anos depois, quando o herói de guerra alemão Fredrick Zoller rapidamente se interessa por ela e organiza a estreia de um filme ilustre no teatro que ela agora dirige. Com a promessa de todos os principais oficiais nazistas presentes, o evento chama a atenção dos “Bastardos”, um grupo de guerrilheiros judeus-americanos liderados pelo implacável tenente Aldo Raine. À medida que os implacáveis carrascos avançam e os planos da jovem conspiradora são colocados em ação, seus caminhos se cruzarão para uma noite fatídica que abalará os próprios anais da história.
69;O Iluminado;1980;146;16;Drama, Terror;Depois de conseguir um emprego como zelador fora de temporada, Jack Torrance, um aspirante a autor e alcoólatra em recuperação, arrasta sua esposa Wendy e seu talentoso filho Danny para o isolado Overlook Hotel, no Colorado, coberto de neve. No entanto, o bloqueio do escritor impede Jack de seguir uma nova carreira de escritor. No entanto, tudo tem seu tempo. Primeiro, o gerente deve dar a Jack uma grande turnê. Em seguida, o Sr. Hallorann, o chef idoso da instalação, conversa com Danny sobre raros dons psíquicos. O misterioso funcionário também avisa o garoto sobre os quartos abandonados do hotel cavernoso. O quarto 237, especialmente, está proibido. Está tudo muito bem, mas Jack está gradualmente perdendo a cabeça. Afinal, ocorrências estranhas e visões arrepiantes prenderam a família em uma prisão gigantesca e silenciosa, marcada por tempestades de neve sem fim. E agora, vozes incessantes dentro da cabeça de Jack exigem sacrifício. No entanto, Jack é capaz de matar?
70;O Grande Ditador;1940;125;Livre;Comédia, Drama, Guerra;20 anos após o fim da Primeira Guerra Mundial, na qual a nação de Tomainia estava do lado perdedor, Adenoid Hynkel subiu ao poder como o ditador implacável do país. Ele acredita em um estado ariano puro e na dizimação dos judeus. Essa situação é desconhecida para um simples barbeiro judeu tomainiano que foi hospitalizado desde a batalha da Primeira Guerra Mundial. Após sua libertação, o barbeiro, que estava sofrendo com a perda de memória sobre a guerra, vê a nova vida perseguida dos judeus por muitos que moravam no gueto judeu, incluindo uma lavadeira chamada Hannah, com quem ele inicia um relacionamento. Em última análise, o barbeiro é poupado dessa perseguição pelo comandante Schultz, a quem ele salvou na batalha da Primeira Guerra Mundial. A vida de todos os judeus na Tomainia acaba sendo poupada por uma mudança de política do próprio Hynkel, que está fazendo isso por motivos ocultos. Mas esses motivos incluem o desejo de dominar o mundo, começando com a invasão da vizinha Osterlich, que pode ser ameaçada por Benzino Napaloni, o ditador da vizinha Bacteria. Em última análise, Schultz, que se tornou traidor do regime de Hynkel, e o barbeiro podem unir forças para assumir o controle da situação, usando o conhecimento interno de Schultz sobre o funcionamento do regime e a estranha semelhança do barbeiro com um dos que estão no poder.
71;Aliens: O Resgate;1986;137;14;Ação, Aventura, Terror, Ficção científica, Suspense;57 anos depois de Ellen Ripley ter tido um encontro próximo com a aterrorizante criatura alienígena do primeiro filme, ela é chamada para ajudar um grupo de fuzileiros navais coloniais altamente treinados a lutar contra os sinistros extraterrestres. Mas desta vez, os alienígenas assumiram o controle de uma colônia espacial na lua LV-426. Quando os fuzileiros navais coloniais são chamados para vasculhar a colônia espacial deserta, mais tarde descobrem que estão enfrentando mais do que esperavam. É lutar ou morrer enquanto os fuzileiros espaciais lutam contra os alienígenas.
72;Repetente;2023;147;10;Biografia, Drama;Manoj Kumar Sharma pertence à vila de Chambal, onde trapacear nos exames é uma coisa comum. Ele está comparecendo ao 12º exame padrão e está de olho no emprego de um peão. Mas um policial rigoroso DSP Dushyant Singh chega durante os exames e interrompe o processo de fraude. Manoj não consegue passar nos exames e começa a dirigir um veículo de passageiros com o irmão Kamlesh. Ambos têm problemas com os capangas de um político, mas Dushyant Singh vem em seu auxílio. Inspirado por sua honestidade, Manoj começa a considerá-lo um ídolo e quer se tornar como ele. No ano seguinte, ele passa pelo 12º exame padrão e sonha em se tornar oficial do DSP, mas seu destino tem planos diferentes, o que traz Manoj ao mundo do UPSC, um dos exames mais difíceis do mundo.
73;Céu e Inferno;1963;143;Not Rated;Policial, Drama, Mistério, Suspense;Um empresário rico é informado de que seu filho foi sequestrado e ele terá que pagar uma quantia muito grande para que ele seja devolvido em segurança. É então descoberto que seu filho está seguro em casa: o sequestrador levou o filho de seu motorista por acidente. O sequestrador diz que isso não faz diferença: pague ou a criança morre. Isso o deixa com um dilema moral, pois ele realmente precisa do dinheiro para concluir um negócio muito importante.
74;Vingadores: Ultimato;2019;181;12;Ação, Aventura, Ficção científica;Após os eventos devastadores de Vingadores: Guerra Infinita (2018), o universo está em ruínas devido aos esforços do Titã Louco, Thanos. Com a ajuda dos aliados restantes, os Vingadores devem se reunir mais uma vez para desfazer as ações de Thanos e desfazer o caos no universo, não importando quais consequências possam estar por vir e não importa quem eles enfrentem...
75;Gênio Indomável;1997;126;14;Drama, Romance;Uma história comovente de um jovem rebelde que luta para encontrar sua identidade, vivendo em um mundo onde ele pode resolver qualquer problema, exceto aquele que se forma profundamente dentro de si mesmo, até que um dia ele encontra sua alma gêmea que abre sua mente e seu coração.
76;Viva: A Vida é uma Festa;2017;105;Livre;Animação, Aventura, Drama, Família, Fantasia, Musical, Mistério;Apesar da desconcertante proibição de música de gerações de sua família, Miguel sonha em se tornar um músico talentoso como seu ídolo, Ernesto de la Cruz. Desesperado para provar seu talento, Miguel se encontra na deslumbrante e colorida Terra dos Mortos após uma misteriosa cadeia de eventos. Ao longo do caminho, ele conhece o charmoso trapaceiro Hector e, juntos, eles partem em uma jornada extraordinária para desvendar a verdadeira história por trás da história da família de Miguel.
77;Toy Story;1995;81;Livre;Animação, Aventura, Comédia, Família, Fantasia;Um garotinho chamado Andy adora estar em seu quarto, brincando com seus brinquedos, especialmente sua boneca chamada “Woody”. Mas, o que os brinquedos fazem quando Andy não está com eles, eles ganham vida. Woody acredita que sua vida (como brinquedo) é boa. No entanto, ele deve se preocupar com a mudança da família de Andy, e o que Woody não sabe é sobre a festa de aniversário de Andy. Woody não percebe que a mãe de Andy lhe deu uma figura de ação conhecida como Buzz Lightyear, que não acredita que ele seja um brinquedo e rapidamente se torna o novo brinquedo favorito de Andy. Woody, que agora está cheio de ciúmes, tenta se livrar de Buzz. Então, tanto Woody quanto Buzz estão perdidos. Eles devem encontrar uma maneira de voltar para Andy antes que ele se mova sem eles, mas terão que passar por um cruel assassino de brinquedos, Sid Phillips.
78;Batman: O Cavaleiro das Trevas Ressurge;2012;164;12;Policial, Suspense;Apesar de sua reputação manchada após os eventos de O Cavaleiro das Trevas (2008), no qual ele assumiu a culpa pelos crimes de Dent, Batman se sente compelido a intervir para ajudar a cidade e sua força policial, que está lutando para lidar com os planos de Bane de destruir a cidade.
79;Amadeus;1984;160;Livre;Biografia, Drama, Musical;Antonio Salieri acredita que Wolfgang Amadeus MozartA música de é divina e milagrosa. Ele gostaria de ser um músico tão bom quanto Mozart para poder louvar ao Senhor por meio da composição. Ele começou sua carreira como um homem devoto que acredita que seu sucesso e talento como compositor são recompensas de Deus por sua piedade. Ele também se contenta como o respeitado e financeiramente próspero compositor da corte do imperador austríaco Joseph II. Mas ele fica chocado ao saber que Mozart é uma criatura tão vulgar e não consegue entender por que Deus preferiu Mozart como seu instrumento. A inveja de Salieri fez dele um inimigo de Deus, cuja grandeza era evidente em Mozart. Ele está pronto para se vingar de Deus e de Mozart por sua própria mediocridade musical.
80;Your Name;2016;106;Livre;Animação, Drama, Fantasia, Romance;Mitsuha é filha do prefeito de uma pequena cidade montanhosa. Ela é uma simples estudante do ensino médio que mora com a irmã e a avó e não tem escrúpulos em deixar claro que não está interessada nos rituais xintoístas ou em ajudar na campanha eleitoral de seu pai. Em vez disso, ela sonha em deixar a cidade entediante e tentar a sorte em Tóquio. Taki é um estudante do ensino médio em Tóquio que trabalha meio período em um restaurante italiano e aspira a se tornar arquiteto ou artista. Todas as noites ele tem um sonho estranho em que se torna... uma estudante do ensino médio em uma pequena cidade montanhosa.
81;3 Idiotas;2009;170;12;Comédia, Drama;Farhan e Raju descobrem de seu maior rival universitário, Chatur, que seu amigo desaparecido Ranchoddas (Rancho) foi rastreado. O trio começa sua jornada para encontrá-lo, onde um flashback revela que Rancho, Raju e Farhan eram estudantes de engenharia e Rancho sempre acreditou que uma pessoa deveria ser capaz, em vez de ser um leitor ávido, e isso seria um caminho para o sucesso. Ele sempre brigou com Chatur e com a diretora da faculdade Viru Sahastrabuddhe (Virus), mas se apaixonou por sua filha Pia. As coisas estavam indo bem para eles, pois eles também passaram nos exames do primeiro ano. Atualmente, eles chegam à casa de Rancho, onde descobrem que seu pai faleceu e a pessoa que afirma ser Rancho é outra pessoa.
82;O Barco: Inferno no Mar;1981;149;14;Drama, Guerra;É 1942 e a frota submarina alemã está fortemente envolvida na chamada “Batalha do Atlântico” para assediar e destruir a navegação britânica. Com melhores escoltas da classe de contratorpedeiros, no entanto, os submarinos alemães começaram a sofrer pesadas perdas. “Das Boot” é a história da tripulação de um desses submarinos, com o filme examinando como esses submarinistas mantiveram seu profissionalismo como soldados e tentaram realizar missões impossíveis, ao mesmo tempo em que tentavam entender e obedecer à ideologia do governo sob o qual serviram.
83;Coração Valente;1995;178;16;Drama, Guerra;William Wallace é um rebelde escocês que lidera uma revolta contra o cruel governante inglês Edward Longshanks, que deseja herdar a coroa da Escócia para si mesmo. Quando ele era jovem, o pai e o irmão de William Wallace, junto com muitos outros, perderam a vida tentando libertar a Escócia. Depois de perder outro de seus entes queridos, William Wallace começa sua longa busca para tornar a Escócia livre de uma vez por todas, junto com a ajuda de Robert the Bruce.
84;Princesa Mononoke;1997;133;12;Animação, Aventura, Fantasia;Enquanto protege sua vila do violento deus/demônio javali, um jovem guerreiro confiante, Ashitaka, é atingido por uma maldição mortal. Para salvar sua vida, ele deve viajar para as florestas do oeste. Uma vez lá, ele se envolve em uma campanha feroz que os humanos estavam travando na floresta. A ambiciosa Lady Eboshi e seu clã leal usam suas armas contra os deuses da floresta e contra uma jovem corajosa, a princesa Mononoke, que foi criada por um deus-lobo. Ashitaka vê o lado bom dos dois lados e tenta conter a enxurrada de sangue. Isso é enfrentado pela animosidade de ambos os lados, pois cada um deles o vê como apoiando o inimigo.
85;Oldboy;2003;120;18;Ação, Drama, Mistério, Suspense;Oh Dae-Su, um bêbado detestável sequestrado em uma noite chuvosa em 1988, acorda em um estranho quarto de hotel sem janelas. Mantido a sete chaves por uma razão desconhecida, os captores invisíveis de Oh Dae-Su o mantêm alimentado e sistematicamente sedado para evitar o suicídio, fornecendo apenas uma televisão em cores para lhe fazer companhia. E depois de quinze longos anos em cativeiro, o perplexo Oh Dae-Su se vê libertado. Agora, seus impiedosos sequestradores encorajam Oh Dae-Su a rastrear aqueles por trás do misterioso sequestro e, finalmente, obter sua vingança brutal e desejada contra o atormentador desconhecido. No entanto, quem odiaria tanto Oh Dae-Su a ponto de negar-lhe uma morte rápida e limpa?
86;Dr. Fantástico;1964;95;10;Comédia, Guerra;O paranóico general de brigada Jack D. Ripper, da Base Aérea de Burpelson, acreditando que a fluoretação do abastecimento de água americano é uma conspiração soviética para envenenar a população dos EUA, é capaz de lançar através de um mecanismo secreto um ataque nuclear à União Soviética sem o conhecimento de seus superiores, incluindo o presidente do Estado-Maior Conjunto, general Buck Turgidson, e o presidente Merkin Muffley. Somente Ripper conhece o código para chamar os bombardeiros B-52 e ele desligou a comunicação de entrada e saída de Burpelson como medida para proteger esse ataque. O diretor executivo de Ripper, o capitão do Grupo RAF Lionel Mandrake (em troca da Grã-Bretanha), que está detido em Burpelson por Ripper, acredita que conhece os códigos de recall se ao menos conseguir enviar uma mensagem para o mundo exterior. Enquanto isso, na Sala de Guerra do Pentágono, pessoas-chave, incluindo Muffley, Turgidson e o cientista e conselheiro nuclear, um ex-nazista chamado Dr. Strangelove, estão discutindo medidas para impedir o ataque ou mitigar sua explosão em uma guerra nuclear total com os soviéticos. Contra a vontade de Turgidson, Muffley leva o embaixador soviético Alexi de Sadesky para a Sala de Guerra e coloca seu chefe, o primeiro-ministro soviético Dimitri Kisov, na linha direta para informá-lo sobre o que está acontecendo. Os americanos na Sala de Guerra ficam consternados ao saber que os soviéticos têm um dispositivo apocalíptico ainda não anunciado para detonar se algum de seus principais alvos for atingido. Enquanto Ripper, Mandrake e os que estão na Sala de Guerra tentam resolver a situação até seu objetivo final, o Major T.J. “King” Kong, um dos pilotos do bombardeiro B-52, está trabalhando em sua própria agenda de implantar sua bomba sempre que puder em solo inimigo, caso não consiga chegar ao alvo pretendido.
87;Beleza Americana;1999;122;14;Drama;"Após sua morte em algum momento de seu 43º ano, o suburbano Lester Burnham conta sobre as últimas semanas de sua vida, durante as quais ele não tinha ideia de sua morte iminente. Ele é marido da corretora imobiliária Carolyn Burnham e pai da estudante do ensino médio Jane Burnham. Embora Lester e Carolyn já tenham se amado, agora eles simplesmente se toleram. A típica flor de parede Jane também odeia seus pais; os três sofrem individualmente em silêncio em sua vida familiar. Jane tenta se afastar de seus pais. Carolyn, relativamente nova no ramo imobiliário, quer criar a personalidade do sucesso para continuar sua carreira, aspirando à vida profissional de Buddy Kane, o rei do negócio imobiliário em sua vizinhança. Lester simplesmente caminha pela vida sem pensar, inclusive em seu trabalho em publicidade. Sua empresa está diminuindo de tamanho e ele, como todos os outros funcionários, precisa justificar sua posição ao especialista em eficiência recém-contratado para manter seu emprego. As coisas mudam para Lester quando ele se apaixona à primeira vista pela colega de classe mais experiente de Jane, Angela Hayes. Tanto Janie quanto Angela podem ver a paixão sexual de Lester por Angela, que atrai a atenção de qualquer homem como um sinal de que ela é modelo, tendo aparecido uma vez em Seventeen e é uma carreira à qual aspira. A paixão de Lester por Angela lhe dá uma visão revigorada da vida, onde ele abertamente não se importa mais com o que os outros pensam sobre o que ele faz, exceto Angela. Essa paixão coincide com a mudança dos Fittses para a casa ao lado: o disciplinador homofóbico Coronel da Marinha dos EUA Frank Fitts, que governa a casa com um punho militar (esse punho é figurativo e literal), sua esposa semicomatosa Barbara Fitts e seu brilhante e discretamente subversivo filho de 18 anos, Ricky Fitts, que cumpre abertamente as regras de seu pai enquanto vive nos bastidores por sua própria perspectiva bem diferente. Assim como a paixão de Lester, Ricky imediatamente se apaixona por Jane; ele considera garotas como Angela comuns. A entrada de Angela and the Fittses na vida dos Burnham, em última análise, leva cada um dos jogadores a confrontar o que realmente está em seu coração."
88;Cafarnaum;2018;126;16;Drama;Cafarnaüm (“Caos”) conta a história de Zain (Zain al-Rafeea), um garoto libanês que processa seus pais pelo “crime” de lhe dar a vida. O filme acompanha Zain enquanto ele viaja de criança corajosa e esperta para um “adulto” endurecido de 12 anos fugindo de seus pais negligentes, sobrevivendo nas ruas, onde conhece o trabalhador migrante etíope Rahil, que lhe fornece abrigo e comida, enquanto Zain cuida de seu filho Yonas em troca. Mais tarde, Zain é preso por cometer um crime violento e, finalmente, busca justiça em um tribunal.
89;Cantando na Chuva;1952;103;Livre;Comédia, Musical, Romance;Hollywood de 1927. As maiores estrelas da Monumental Pictures, o glamoroso casal Lina Lamont e Don Lockwood, também são um casal fora da tela, se acreditarmos nos jornais comerciais e nas colunas de fofocas. Ambos perpetuam a percepção do público apenas para agradar seus fãs apaixonados e levar as pessoas aos cinemas. Na realidade, Don mal a tolera, enquanto Lina, apesar de pensar que Don é inferior a ela, simplesmente acredita no que vê na tela para reforçar seu próprio estrelato e senso de importância própria. R.F. Simpson, chefe da Monumental, descarta o que ele acha que é um flash na panela: fotos faladas. Não é até O Cantor de Jazz (1927) se torna um verdadeiro sucesso, o que faz com que todos os cinemas instalem equipamentos de som que R.F. sabe que Monumental, mais especificamente na forma de Don e Lina, precisam entrar na onda do cinema falante, apesar de ninguém no estúdio saber nada sobre a tecnologia. O músico Cosmo Brown, o melhor amigo de Don, é contratado como idealizador e diretor musical da Monumental. E a essa altura, Don começou secretamente a namorar Kathy Selden, uma corista que está tentando se destacar nas fotos sozinha. O relacionamento de Don e Kathy ocorre apesar de seu encontro inicial nada amigável. Cosmo e Kathy ajudam Don, que subiu na hierarquia do cinema até o estrelato, a tentar dar o salto para o estrelato cinematográfico, com Kathy acompanhando ao longo do caminho. No entanto, eles precisam superar os problemas tecnológicos. Mas o maior problema é Lina, que fará de tudo para garantir que ela também dê um salto bem-sucedido no cinema falante, apesar de suas próprias incapacidades e às custas de qualquer um e de todos se eles entrarem em seu caminho, especialmente Kathy como namorada fora da tela de Don e possivelmente sua nova protagonista de filmes falantes.
90;Era Uma Vez na América;1984;229;18;Policial, Drama;Com a memória vívida de seus amigos de infância de longa data Max, Patsy e Cockeye gravada em sua mente, seus ferozmente leais parceiros no crime durante sua ascensão à proeminência no Lower East Side da era da Lei Seca de Nova York, o ex-gangster derrotado, sem um tostão e cheio de culpa David “Noodles” Aaronson retorna a Manhattan. Sem saber o que esperar de sua missão de esclarecer seu passado opaco, Grizzled Noodles se reúne com seu único amigo vivo, Fat Moe, após 35 anos assombrados de autoexílio. No entanto, o som implacável e penetrante da culpabilidade impede que você encontre um desfecho, pois o conteúdo inescrutável de uma mala de couro bem usada complica ainda mais as coisas. E agora, no contexto de uma consciência dilacerada, as lembranças tristes e agridoces de mais de 50 anos de amor, morte e tudo mais se entrelaçam inextricavelmente, levando a perguntas ainda mais intrigantes. Mas quais são as opções de um homem quando ele fica sem nada?
91;Coringa;2019;122;16;Drama;Um palhaço socialmente inepto contratado - Arthur Fleck aspira ser comediante de stand up em meio a seu pequeno trabalho trabalhando vestido de palhaço segurando uma placa publicitária. Ele cuida de sua mãe, Penny Fleck, e à medida que aprende mais sobre sua doença mental, aprende mais sobre seu passado. Lidando com toda a negatividade e intimidação da sociedade, ele desce em uma espiral, mostrando como seu alter ego, “Coringa”, surgiu.
92;Toy Story 3;2010;103;Livre;Animação, Aventura, Comédia, Família, Fantasia;Woody, Buzz e toda a turma estão de volta. Enquanto seu dono, Andy, se prepara para partir para a faculdade, seus brinquedos leais se encontram em uma creche, onde crianças indomáveis com seus dedinhos pegajosos não brincam bem. Então, é tudo por um e um por todos quando eles se juntam ao colega da Barbie, Ken, um ouriço ator chamado Mr. Pricklepants e um ursinho de pelúcia rosa com aroma de morango chamado Lots-o'-Huggin' Bear para planejar sua grande fuga.
93;Attack on Titan: O Último Ataque;2024;145;18;Animação, Ação, Aventura, Drama, Terror;O destino do mundo está em jogo quando Eren libera o poder supremo dos Titãs. Com a determinação ardente de eliminar todos os que ameaçam Eldia, ele lidera um exército imparável de Titãs Colossais em direção a Marley.
94;Star Wars: Episódio VI - O Retorno de Jedi;1983;131;Livre;Ação, Aventura, Fantasia, Ficção científica;Luke Skywalker (Mark Hamill) enfrenta o horrível Jabba the Hut e o cruel Darth Vader para salvar seus companheiros na Aliança Rebelde e triunfar sobre o Império Galáctico. Han Solo (Harrison Ford) e a Princesa Leia (Carrie Fisher) reafirmam seu amor e sua equipe com Chewbacca, Lando Calrissian (Billy Dee Williams), os Ewoks e os andróides C-3PO e R2-D2 para ajudar na destruição do Lado Negro e na derrota do imperador maligno.
95;Vá e Veja;1985;142;16;Drama, Suspense, Guerra;O longa-metragem dirigido por Elem Klimov, filmado no gênero de drama militar. A ação acontece no território da Bielorrússia em 1943. No centro da história está um garoto bielorrusso, que testemunha os horrores da ação punitiva nazista, transformando-se de um adolescente alegre em um velho grisalho por dois dias.
96;Réquiem para um Sonho;2000;102;18;Drama;Sara Goldfarb (Ellen Burstyn) é uma viúva aposentada que mora em um pequeno apartamento. Ela passa a maior parte do tempo assistindo TV, especialmente um programa de autoajuda específico. Ela tem ilusões de superar sua atual existência monótona ao ser convidada nesse programa. Seu filho, Harry (Jared Leto), é viciado, mas junto com seu amigo Tyrone (Marlon Wayans) tem visões de se tornar um traficante de drogas. Marion (Jennifer Connelly), namorada de Harry, pode ser estilista ou artista, mas está envolvida no mundo centrado nas drogas de Harry. Enquanto isso, Sara desenvolveu seu próprio vício. Ela quer desesperadamente perder peso e, por isso, faz um curso intensivo envolvendo tomar pílulas, pílulas que acabam sendo muito viciantes e prejudiciais ao seu estado mental.
97;Viver;1952;143;Not Rated;Drama;Kanji Watanabe é funcionário público. Ele trabalha no mesmo departamento há 30 anos. Sua vida é chata e monótona, embora ele já tenha tido paixão e motivação. Então, um dia, ele descobre que tem câncer de estômago e tem menos de um ano de vida. Depois da depressão inicial, ele começa a viver pela primeira vez em mais de 20 anos. Então ele percebe que o tempo limitado que lhe resta não é apenas para viver a vida ao máximo, mas para deixar algo significativo para trás.
98;Incêndios;2010;131;14;Drama, Mistério, Guerra;Os últimos desejos de uma mãe enviam os gêmeos Jeanne e Simon em uma viagem ao Oriente Médio em busca de suas raízes emaranhadas. Adaptado da aclamada peça de Wajdi Mouawad, Incendies conta a história poderosa e comovente da viagem de dois jovens adultos ao cerne do ódio enraizado, das guerras sem fim e do amor duradouro.
99;A Caça;2012;115;14;Drama;Lucas é um professor de jardim de infância que cuida muito bem de seus alunos. Infelizmente para ele, a jovem Klara tem uma imaginação descontrolada e inventa uma mentira sobre sua professora. Antes mesmo de Lucas entender as consequências, ele se tornou o pária da cidade. A busca continua para provar sua inocência antes que ela seja tirada dele para sempre.
100;Brilho Eterno de uma Mente sem Lembranças;2004;108;14;Drama, Romance, Ficção científica;Para sua surpresa, o tímido Joel Barish fica chocado ao descobrir que o amor de sua vida, a brilhante Clementine, o apagou de sua memória. Como resultado, magoado e irritado, Joel quer retribuí-la na mesma moeda, chegando ao ponto de se submeter a um procedimento médico indolor, mas complexo, para fazer o mesmo. No entanto, o pobre Joel não sabe que a escuridão é uma parte essencial da luz. E à medida que as lembranças antes queridas de Clementine gradualmente desaparecem, dando lugar a um vazio negro sem alma, algo inesperado acontece. Agora Joel tem dúvidas, brincando com a ideia de interromper o processo irreversível. Quem disse que a ignorância é uma bênção?
